id	name	category	role	model	texture	source
character_01	Character_01	civilian	npc	assets/verda/characters/psx/Character_01.fbx	assets/verda/characters/psx/textures/Character_01.png	elbolilloduro_characters_psx
character_02	Character_02	civilian	npc	assets/verda/characters/psx/Character_02.fbx	assets/verda/characters/psx/textures/Character_02.png	elbolilloduro_characters_psx
character_03	Character_03	civilian	npc	assets/verda/characters/psx/Character_03.fbx	assets/verda/characters/psx/textures/Character_03.png	elbolilloduro_characters_psx
character_04	Character_04	civilian	npc	assets/verda/characters/psx/Character_04.fbx	assets/verda/characters/psx/textures/Character_04.png	elbolilloduro_characters_psx
character_05	Character_05	civilian	npc	assets/verda/characters/psx/Character_05.fbx	assets/verda/characters/psx/textures/Character_05.png	elbolilloduro_characters_psx
character_06	Character_06	civilian	npc	assets/verda/characters/psx/Character_06.fbx	assets/verda/characters/psx/textures/Character_06.png	elbolilloduro_characters_psx
character_07	Character_07	civilian	npc	assets/verda/characters/psx/Character_07.fbx	assets/verda/characters/psx/textures/Character_07.png	elbolilloduro_characters_psx
character_08	Character_08	civilian	npc	assets/verda/characters/psx/Character_08.fbx	assets/verda/characters/psx/textures/Character_08.png	elbolilloduro_characters_psx
character_09	Character_09	civilian	npc	assets/verda/characters/psx/Character_09.fbx	assets/verda/characters/psx/textures/Character_09.png	elbolilloduro_characters_psx
character_10	Character_10	civilian	npc	assets/verda/characters/psx/Character_10.fbx	assets/verda/characters/psx/textures/Character_10.png	elbolilloduro_characters_psx
character_11	Character_11	civilian	npc	assets/verda/characters/psx/Character_11.fbx	assets/verda/characters/psx/textures/Character_11.png	elbolilloduro_characters_psx
character_12	Character_12	civilian	npc	assets/verda/characters/psx/Character_12.fbx	assets/verda/characters/psx/textures/Character_12.png	elbolilloduro_characters_psx
character_13	Character_13	civilian	npc	assets/verda/characters/psx/Character_13.fbx	assets/verda/characters/psx/textures/Character_13.png	elbolilloduro_characters_psx
character_14	Character_14	civilian	npc	assets/verda/characters/psx/Character_14.fbx	assets/verda/characters/psx/textures/Character_14.png	elbolilloduro_characters_psx
character_15	Character_15	civilian	npc	assets/verda/characters/psx/Character_15.fbx	assets/verda/characters/psx/textures/Character_15.png	elbolilloduro_characters_psx
character_16	Character_16	civilian	npc	assets/verda/characters/psx/Character_16.fbx	assets/verda/characters/psx/textures/Character_16.png	elbolilloduro_characters_psx
character_17_female_police	Character_17_Female_Police	emergency_police	npc	assets/verda/characters/psx/Character_17_Female_Police.fbx	assets/verda/characters/psx/textures/Character_17_Female_Police.png	elbolilloduro_characters_psx
character_17_police	Character_17_Police	emergency_police	npc	assets/verda/characters/psx/Character_17_Police.fbx	assets/verda/characters/psx/textures/Character_17_Police.png	elbolilloduro_characters_psx
character_18_female_police	Character_18_Female_Police	emergency_police	npc	assets/verda/characters/psx/Character_18_Female_Police.fbx	assets/verda/characters/psx/textures/Character_18_Female_Police.png	elbolilloduro_characters_psx
character_18_police	Character_18_Police	emergency_police	npc	assets/verda/characters/psx/Character_18_Police.fbx	assets/verda/characters/psx/textures/Character_18_Police.png	elbolilloduro_characters_psx
character_19_female_police	Character_19_Female_Police	emergency_police	npc	assets/verda/characters/psx/Character_19_Female_Police.fbx	assets/verda/characters/psx/textures/Character_19_Female_Police.png	elbolilloduro_characters_psx
character_19_police	Character_19_Police	emergency_police	npc	assets/verda/characters/psx/Character_19_Police.fbx	assets/verda/characters/psx/textures/Character_19_Police.png	elbolilloduro_characters_psx
character_20_female_police	Character_20_Female_Police	emergency_police	npc	assets/verda/characters/psx/Character_20_Female_Police.fbx	assets/verda/characters/psx/textures/Character_20_Female_Police.png	elbolilloduro_characters_psx
character_20_police	Character_20_Police	emergency_police	npc	assets/verda/characters/psx/Character_20_Police.fbx	assets/verda/characters/psx/textures/Character_20_Police.png	elbolilloduro_characters_psx
character_21_female_firefighter	Character_21_Female_Firefighter	emergency_firefighter	npc	assets/verda/characters/psx/Character_21_Female_Firefighter.fbx	assets/verda/characters/psx/textures/Character_21_Female_Firefighter.png	elbolilloduro_characters_psx
character_21_police	Character_21_Police	emergency_police	npc	assets/verda/characters/psx/Character_21_Police.fbx	assets/verda/characters/psx/textures/Character_21_Police.png	elbolilloduro_characters_psx
character_22_female_firefighter	Character_22_Female_Firefighter	emergency_firefighter	npc	assets/verda/characters/psx/Character_22_Female_Firefighter.fbx	assets/verda/characters/psx/textures/Character_22_Female_Firefighter.png	elbolilloduro_characters_psx
character_22_police	Character_22_Police	emergency_police	npc	assets/verda/characters/psx/Character_22_Police.fbx	assets/verda/characters/psx/textures/Character_22_Police.png	elbolilloduro_characters_psx
character_23_female_doctor	Character_23_Female_Doctor	emergency_doctor	npc	assets/verda/characters/psx/Character_23_Female_Doctor.fbx	assets/verda/characters/psx/textures/Character_23_Female_Doctor.png	elbolilloduro_characters_psx
character_23_firefighter	Character_23_Firefighter	emergency_firefighter	npc	assets/verda/characters/psx/Character_23_Firefighter.fbx	assets/verda/characters/psx/textures/Character_23_Firefighter.png	elbolilloduro_characters_psx
character_24_female_doctor	Character_24_Female_Doctor	emergency_doctor	npc	assets/verda/characters/psx/Character_24_Female_Doctor.fbx	assets/verda/characters/psx/textures/Character_24_Female_Doctor.png	elbolilloduro_characters_psx
character_24_firefighter	Character_24_Firefighter	emergency_firefighter	npc	assets/verda/characters/psx/Character_24_Firefighter.fbx	assets/verda/characters/psx/textures/Character_24_Firefighter.png	elbolilloduro_characters_psx
character_25_doctor	Character_25_Doctor	emergency_doctor	npc	assets/verda/characters/psx/Character_25_Doctor.fbx	assets/verda/characters/psx/textures/Character_25_Doctor.png	elbolilloduro_characters_psx
character_25_female_police	Character_25_Female_Police	emergency_police	npc	assets/verda/characters/psx/Character_25_Female_Police.fbx	assets/verda/characters/psx/textures/Character_25_Female_Police.png	elbolilloduro_characters_psx
character_26_doctor	Character_26_Doctor	emergency_doctor	npc	assets/verda/characters/psx/Character_26_Doctor.fbx	assets/verda/characters/psx/textures/Character_26_Doctor.png	elbolilloduro_characters_psx
character_26_female_police	Character_26_Female_Police	emergency_police	npc	assets/verda/characters/psx/Character_26_Female_Police.fbx	assets/verda/characters/psx/textures/Character_26_Female_Police.png	elbolilloduro_characters_psx
character_27_female_hm	Character_27_Female_HM	civilian	npc	assets/verda/characters/psx/Character_27_Female_HM.fbx	assets/verda/characters/psx/textures/Character_27_Female_HM.png	elbolilloduro_characters_psx
character_27_hm	Character_27_HM	civilian	npc	assets/verda/characters/psx/Character_27_HM.fbx	assets/verda/characters/psx/textures/Character_27_HM.png	elbolilloduro_characters_psx
character_28_female_hm	Character_28_Female_HM	civilian	npc	assets/verda/characters/psx/Character_28_Female_HM.fbx	assets/verda/characters/psx/textures/Character_28_Female_HM.png	elbolilloduro_characters_psx
character_28_hm	Character_28_HM	civilian	npc	assets/verda/characters/psx/Character_28_HM.fbx	assets/verda/characters/psx/textures/Character_28_HM.png	elbolilloduro_characters_psx
character_29	Character_29	civilian	npc	assets/verda/characters/psx/Character_29.fbx	assets/verda/characters/psx/textures/Character_29.png	elbolilloduro_characters_psx
character_29_female	Character_29_Female	civilian	npc	assets/verda/characters/psx/Character_29_Female.fbx	assets/verda/characters/psx/textures/Character_29_Female.png	elbolilloduro_characters_psx
character_30	Character_30	civilian	npc	assets/verda/characters/psx/Character_30.fbx	assets/verda/characters/psx/textures/Character_30.png	elbolilloduro_characters_psx
character_30_female	Character_30_Female	civilian	npc	assets/verda/characters/psx/Character_30_Female.fbx	assets/verda/characters/psx/textures/Character_30_Female.png	elbolilloduro_characters_psx
character_31	Character_31	civilian	npc	assets/verda/characters/psx/Character_31.fbx	assets/verda/characters/psx/textures/Character_31.png	elbolilloduro_characters_psx
character_31_female	Character_31_Female	civilian	npc	assets/verda/characters/psx/Character_31_Female.fbx	assets/verda/characters/psx/textures/Character_31_Female.png	elbolilloduro_characters_psx
character_32	Character_32	civilian	npc	assets/verda/characters/psx/Character_32.fbx	assets/verda/characters/psx/textures/Character_32.png	elbolilloduro_characters_psx
character_32_female	Character_32_Female	civilian	npc	assets/verda/characters/psx/Character_32_Female.fbx	assets/verda/characters/psx/textures/Character_32_Female.png	elbolilloduro_characters_psx
character_33_female	Character_33_Female	civilian	npc	assets/verda/characters/psx/Character_33_Female.fbx	assets/verda/characters/psx/textures/Character_33_Female.png	elbolilloduro_characters_psx
character_female_01	Character_Female_01	civilian	npc	assets/verda/characters/psx/Character_Female_01.fbx		elbolilloduro_characters_psx
character_female_02	Character_Female_02	civilian	npc	assets/verda/characters/psx/Character_Female_02.fbx	assets/verda/characters/psx/textures/Character_Female_02.png	elbolilloduro_characters_psx
character_female_03	Character_Female_03	civilian	npc	assets/verda/characters/psx/Character_Female_03.fbx	assets/verda/characters/psx/textures/Character_Female_03.png	elbolilloduro_characters_psx
character_female_04	Character_Female_04	civilian	npc	assets/verda/characters/psx/Character_Female_04.fbx	assets/verda/characters/psx/textures/Character_Female_04.png	elbolilloduro_characters_psx
character_female_05	Character_Female_05	civilian	npc	assets/verda/characters/psx/Character_Female_05.fbx	assets/verda/characters/psx/textures/Character_Female_05.png	elbolilloduro_characters_psx
character_female_06	Character_Female_06	civilian	npc	assets/verda/characters/psx/Character_Female_06.fbx	assets/verda/characters/psx/textures/Character_Female_06.png	elbolilloduro_characters_psx
character_female_07	Character_Female_07	civilian	npc	assets/verda/characters/psx/Character_Female_07.fbx	assets/verda/characters/psx/textures/Character_Female_07.png	elbolilloduro_characters_psx
character_female_08	Character_Female_08	civilian	npc	assets/verda/characters/psx/Character_Female_08.fbx	assets/verda/characters/psx/textures/Character_Female_08.png	elbolilloduro_characters_psx
character_female_09	Character_Female_09	civilian	npc	assets/verda/characters/psx/Character_Female_09.fbx	assets/verda/characters/psx/textures/Character_Female_09.png	elbolilloduro_characters_psx
character_female_10	Character_Female_10	civilian	npc	assets/verda/characters/psx/Character_Female_10.fbx	assets/verda/characters/psx/textures/Character_Female_10.png	elbolilloduro_characters_psx
character_female_11	Character_Female_11	civilian	npc	assets/verda/characters/psx/Character_Female_11.fbx	assets/verda/characters/psx/textures/Character_Female_11.png	elbolilloduro_characters_psx
character_female_12	Character_Female_12	civilian	npc	assets/verda/characters/psx/Character_Female_12.fbx	assets/verda/characters/psx/textures/Character_Female_12.png	elbolilloduro_characters_psx
character_female_13	Character_Female_13	civilian	npc	assets/verda/characters/psx/Character_Female_13.fbx	assets/verda/characters/psx/textures/Character_Female_13.png	elbolilloduro_characters_psx
character_female_14	Character_Female_14	civilian	npc	assets/verda/characters/psx/Character_Female_14.fbx	assets/verda/characters/psx/textures/Character_Female_14.png	elbolilloduro_characters_psx
character_female_15	Character_Female_15	civilian	npc	assets/verda/characters/psx/Character_Female_15.fbx	assets/verda/characters/psx/textures/Character_Female_15.png	elbolilloduro_characters_psx
character_female_16	Character_Female_16	civilian	npc	assets/verda/characters/psx/Character_Female_16.fbx	assets/verda/characters/psx/textures/Character_Female_16.png	elbolilloduro_characters_psx
character_killer	Character_Killer	hostile	npc	assets/verda/characters/psx/Character_Killer.fbx	assets/verda/characters/psx/textures/Character_Killer.png	elbolilloduro_characters_psx
character_killer_01	Character_Killer_01	hostile	npc	assets/verda/characters/psx/Character_Killer_01.fbx	assets/verda/characters/psx/textures/Character_Killer_01.png	elbolilloduro_characters_psx
character_killer_02	Character_Killer_02	hostile	npc	assets/verda/characters/psx/Character_Killer_02.fbx	assets/verda/characters/psx/textures/Character_Killer_02.png	elbolilloduro_characters_psx
character_killer_03	Character_Killer_03	hostile	npc	assets/verda/characters/psx/Character_Killer_03.fbx	assets/verda/characters/psx/textures/Character_Killer_03.png	elbolilloduro_characters_psx
character_killer_04	Character_Killer_04	hostile	npc	assets/verda/characters/psx/Character_Killer_04.fbx	assets/verda/characters/psx/textures/Character_Killer_04.png	elbolilloduro_characters_psx
character_killer_05	Character_Killer_05	hostile	npc	assets/verda/characters/psx/Character_Killer_05.fbx	assets/verda/characters/psx/textures/Character_Killer_05.png	elbolilloduro_characters_psx
character_killer_06	Character_Killer_06	hostile	npc	assets/verda/characters/psx/Character_Killer_06.fbx	assets/verda/characters/psx/textures/Character_Killer_06.png	elbolilloduro_characters_psx
character_killer_07	Character_Killer_07	hostile	npc	assets/verda/characters/psx/Character_Killer_07.fbx	assets/verda/characters/psx/textures/Character_Killer_07.png	elbolilloduro_characters_psx
character_monster	Character_Monster	creature	npc	assets/verda/characters/psx/Character_Monster.fbx	assets/verda/characters/psx/textures/Character_Monster.png	elbolilloduro_characters_psx
character_monster_01	Character_Monster_01	creature	npc	assets/verda/characters/psx/Character_Monster_01.fbx	assets/verda/characters/psx/textures/Character_Monster_01.png	elbolilloduro_characters_psx
character_monster_02	Character_Monster_02	creature	npc	assets/verda/characters/psx/Character_Monster_02.fbx	assets/verda/characters/psx/textures/Character_Monster_02.png	elbolilloduro_characters_psx
character_monster_03	Character_Monster_03	creature	npc	assets/verda/characters/psx/Character_Monster_03.fbx	assets/verda/characters/psx/textures/Character_Monster_03.png	elbolilloduro_characters_psx
character_monster_04	Character_Monster_04	creature	npc	assets/verda/characters/psx/Character_Monster_04.fbx	assets/verda/characters/psx/textures/Character_Monster_04.png	elbolilloduro_characters_psx
character_monster_05	Character_Monster_05	creature	npc	assets/verda/characters/psx/Character_Monster_05.fbx	assets/verda/characters/psx/textures/Character_Monster_05.png	elbolilloduro_characters_psx
rebel_modern_rebel_soldier_character	Modern Rebel Soldier Character	hostile	npc	assets/verda/characters/rebel/Modern Rebel Soldier Character/Models/Modern Rebel Soldier Character.fbx		modern_rebel_soldier
arms_psx_first_person_arms	PSX_First_Person_Arms	player_arms	legacy_first_person	assets/verda/characters/first_person_arms/Old Versions/PSX_First_Person_Arms_Free (2024)/PSX_First_Person_Arms.fbx		psx_first_person_arms
arms_arms_rig	arms_rig	player_arms	first_person	assets/verda/characters/first_person_arms/arms_rig.fbx		psx_first_person_arms
arms_psx_first_person_arms	PSX_First_Person_Arms	player_arms	legacy_first_person	assets/verda/characters/first_person_arms/Old Versions/PSX_First_Person_Arms_Free (2024)/PSX_First_Person_Arms.glb		psx_first_person_arms
arms_arms_rig	arms_rig	player_arms	first_person	assets/verda/characters/first_person_arms/arms_rig.glb		psx_first_person_arms
