table	mode	item	min	max	weight	rolls
general	normal	canned_food	1	2	12	3
general	normal	water	1	2	12	3
general	normal	soda	1	2	12	3
general	normal	antibiotics	1	2	12	3
general	normal	antiseptic	1	2	12	3
general	normal	bandage	1	2	12	3
general	normal	pistol_ammo	8	18	20	3
general	normal	rifle_ammo	8	18	20	3
general	normal	backpack	1	1	5	3
general	normal	battery	1	3	8	3
general	normal	lantern	1	1	4	3
general	zombie	canned_food	1	2	12	3
general	zombie	water	1	2	12	3
general	zombie	soda	1	2	12	3
general	zombie	antibiotics	1	2	12	3
general	zombie	antiseptic	1	2	12	3
general	zombie	bandage	1	2	12	3
general	zombie	pistol_ammo	4	9	15	3
general	zombie	rifle_ammo	4	9	15	3
general	zombie	backpack	1	1	5	3
general	zombie	battery	1	3	8	3
general	zombie	lantern	1	1	4	3
medical	normal	antibiotics	1	2	10	2
medical	normal	antiseptic	1	2	10	2
medical	normal	bandage	2	4	20	2
medical	normal	water	1	2	10	2
medical	zombie	antibiotics	1	2	10	2
medical	zombie	antiseptic	1	2	10	2
medical	zombie	bandage	2	4	20	2
medical	zombie	water	1	2	10	2
camp	normal	backpack	1	1	8	2
camp	normal	trunk	1	1	8	2
camp	normal	battery	1	1	8	2
camp	normal	lantern	1	1	8	2
camp	normal	torch	1	1	8	2
camp	normal	axe	1	1	8	2
camp	normal	knife	1	1	8	2
camp	normal	tent	1	1	8	2
camp	normal	sleeping_bag	1	1	8	2
camp	normal	bonfire	1	1	8	2
camp	normal	matches	1	1	8	2
camp	normal	lighter	1	1	8	2
camp	normal	canned_food	1	3	12	2
camp	normal	water	1	3	12	2
camp	zombie	backpack	1	1	8	2
camp	zombie	trunk	1	1	8	2
camp	zombie	battery	1	1	8	2
camp	zombie	lantern	1	1	8	2
camp	zombie	torch	1	1	8	2
camp	zombie	axe	1	1	8	2
camp	zombie	knife	1	1	8	2
camp	zombie	tent	1	1	8	2
camp	zombie	sleeping_bag	1	1	8	2
camp	zombie	bonfire	1	1	8	2
camp	zombie	matches	1	1	8	2
camp	zombie	lighter	1	1	8	2
camp	zombie	canned_food	1	3	12	2
camp	zombie	water	1	3	12	2
weapons	normal	hunting_rifle	1	1	5	2
weapons	normal	pistol	1	1	5	2
weapons	normal	pistol_ammo	12	24	25	2
weapons	normal	rifle_ammo	12	24	25	2
weapons	zombie	hunting_rifle	1	1	5	2
weapons	zombie	pistol	1	1	5	2
weapons	zombie	pistol_ammo	6	12	18	2
weapons	zombie	rifle_ammo	6	12	18	2
